<?xml version="1.0" encoding="UTF-8"?><rss version="2.0"
	xmlns:content="http://purl.org/rss/1.0/modules/content/"
	xmlns:wfw="http://wellformedweb.org/CommentAPI/"
	xmlns:dc="http://purl.org/dc/elements/1.1/"
	xmlns:atom="http://www.w3.org/2005/Atom"
	xmlns:sy="http://purl.org/rss/1.0/modules/syndication/"
	xmlns:slash="http://purl.org/rss/1.0/modules/slash/"
	>

<channel>
	<title>Dog Toys &#8211; Tonka Trucks and Toys Official Online Website</title>
	<atom:link href="/dog-toy/feed" rel="self" type="application/rss+xml" />
	<link>/</link>
	<description></description>
	<lastBuildDate>Sun, 22 Dec 2024 13:38:23 +0000</lastBuildDate>
	<language>en-US</language>
	<sy:updatePeriod>
	hourly	</sy:updatePeriod>
	<sy:updateFrequency>
	1	</sy:updateFrequency>
	<generator>https://wordpress.org/?v=6.7.1</generator>

<image>
	<url>/wp-content/uploads/2024/12/cropped-Tonka-favicon-32x32.jpg</url>
	<title>Dog Toys &#8211; Tonka Trucks and Toys Official Online Website</title>
	<link>/</link>
	<width>32</width>
	<height>32</height>
</image> 
	<item>
		<title>Tonka Rubber Diamond Plate Ball Dog Toy</title>
		<link>/967</link>
					<comments>/967#respond</comments>
		
		<dc:creator><![CDATA[admin]]></dc:creator>
		<pubDate>Sun, 22 Dec 2024 13:38:22 +0000</pubDate>
				<category><![CDATA[Dog Toys]]></category>
		<guid isPermaLink="false">/?p=967</guid>

					<description><![CDATA[Is your dog a champion chewer? Do they destroy every toy within minutes? Then you need the Tonka Rubber Diamond Plate Ball. Built with the legendary toughness of Tonka, this isn&#8217;t just another dog toy – it&#8217;s an investment in hours of fun and a solution to your destructive dog&#8217;s chewing habits. The Tonka Diamond [&#8230;]]]></description>
										<content:encoded><![CDATA[<div class="wp-block-stackable-columns stk-block-columns stk-block stk-aba413a" data-block-id="aba413a"><div class="stk-row stk-inner-blocks stk-block-content stk-content-align stk-aba413a-column"><div class="wp-block-stackable-column stk-block-column stk-column stk-block stk-c807773" data-v="4" data-block-id="c807773"><div class="stk-column-wrapper stk-block-column__content stk-container stk-c807773-container stk--no-background stk--no-padding"><div class="stk-block-content stk-inner-blocks stk-c807773-inner-blocks"><p>Is your dog a champion chewer? Do they destroy every toy within minutes? Then you need the Tonka Rubber Diamond Plate Ball. Built with the legendary toughness of Tonka, this isn&#8217;t just another dog toy – it&#8217;s an investment in hours of fun and a solution to your destructive dog&#8217;s chewing habits. The Tonka Diamond Plate Ball is designed to withstand even the most powerful jaws, making it the perfect choice for fetch, training, and solo play. It&#8217;s the ultimate toy for dogs of all sizes, promising long-lasting entertainment and peace of mind for you.</p>

<p><strong>Key Takeaways:</strong></p>

<ul class="wp-block-list"><li><strong>Extreme Durability:</strong> Built with Tonka&#8217;s &#8220;Real Tough&#8221; materials, designed for even the most enthusiastic chewers.</li>

<li><strong>Versatile Play:</strong> Suitable for fetch, training, and independent chewing.</li>

<li><strong>All-Weather &amp; Safe:</strong> Weather-resistant, water-resistant, and designed with dog safety in mind.</li>

<li><strong>Suitable for All Sizes:</strong> The 3-inch size is appropriate for small, medium, and large breeds.</li>

<li><strong>Dental Health Benefits:</strong> Promotes healthy chewing habits.</li></ul>

<div class="wp-block-stackable-button-group stk-block-button-group stk-block stk-48491da" data-block-id="48491da"><style>.stk-48491da .stk-button-group{flex-direction:row !important;}@media screen and (max-width: 1023px){.stk-48491da .stk-button-group{flex-direction:row !important;}}@media screen and (max-width: 767px){.stk-48491da .stk-button-group{flex-direction:row !important;}}</style><div class="stk-row stk-inner-blocks stk-block-content stk-button-group"><div class="wp-block-stackable-button stk-block-button stk-block stk-cb3or9l" data-block-id="cb3or9l"><a class="stk-link stk-button stk--hover-effect-darken" href="https://www.amazon.com/Tonka-Diamond-Lightweight-Durable-Resistant/dp/B0BX7B48BC/" target="_blank" rel="noreferrer noopener"><span class="stk-button__inner-text">Check price</span></a></div></div></div></div></div></div>

<div class="wp-block-stackable-column stk-block-column stk-column stk-block stk-b2bf266" data-v="4" data-block-id="b2bf266"><div class="stk-column-wrapper stk-block-column__content stk-container stk-b2bf266-container stk--no-background stk--no-padding"><div class="stk-block-content stk-inner-blocks stk-b2bf266-inner-blocks"><div class="wp-block-stackable-image stk-block-image stk-block stk-4rvgiwk" data-block-id="4rvgiwk"><figure><a class="stk-link" href="https://www.amazon.com/Tonka-Diamond-Lightweight-Durable-Resistant/dp/B0BX7B48BC/" target="_blank" rel="noreferrer noopener"><span class="stk-img-wrapper stk-image--shape-stretch"><img fetchpriority="high" decoding="async" class="stk-img wp-image-906" src="/wp-content/uploads/2024/12/Tonka-Rubber-Diamond-Plate-Ball-Dog-Toy.jpg" width="300" height="300" alt="Tonka Rubber Diamond Plate Ball Dog Toy" srcset="/wp-content/uploads/2024/12/Tonka-Rubber-Diamond-Plate-Ball-Dog-Toy.jpg 300w, /wp-content/uploads/2024/12/Tonka-Rubber-Diamond-Plate-Ball-Dog-Toy-150x150.jpg 150w, /wp-content/uploads/2024/12/Tonka-Rubber-Diamond-Plate-Ball-Dog-Toy-100x100.jpg 100w" sizes="(max-width: 300px) 100vw, 300px" /></span></a></figure></div></div></div></div></div></div><h2 class="wp-block-heading">Why Choose the Tonka Diamond Plate Ball?</h2><p>We understand the frustration of constantly replacing dog toys. That&#8217;s why we engineered the Tonka Diamond Plate Ball with durability, versatility, and safety as our top priorities.</p><ul class="wp-block-list"><li><strong>Tonka Tough Construction:</strong> This isn&#8217;t just a catchy slogan; it&#8217;s a promise. The Tonka Diamond Plate Ball is crafted from specially formulated, durable rubber designed to withstand aggressive chewing and rough play.<sup></sup> Its unique diamond plate texture not only adds to its rugged appearance but also enhances its grip and durability. We&#8217;ve taken the same &#8220;Real Tough&#8221; philosophy that makes Tonka trucks legendary and applied it to this dog toy, ensuring it can handle even the most enthusiastic chewers.<sup></sup> This means you can say goodbye to shredded toys and hello to long-lasting play. &nbsp;</li>

<li><strong>Perfect for Fetch &amp; Training:</strong> The Tonka Diamond Plate Ball isn&#8217;t just about chewing; it&#8217;s about interactive fun.<sup></sup> Its bouncy nature makes it ideal for games of fetch, providing your dog with plenty of exercise and mental stimulation.<sup></sup> The textured surface provides a good grip for both you and your dog, making it easy to throw and catch. Whether you&#8217;re working on retrieving skills, practicing obedience commands, or simply enjoying a playful game in the park, this ball is the perfect companion. It also works great for solo play, keeping your dog entertained even when you&#8217;re busy. &nbsp;</li>

<li><strong>Weather &amp; Water Resistant:</strong> Don&#8217;t let the weather dictate playtime. The Tonka Diamond Plate Ball is designed for both indoor and outdoor use. Its weather and water-resistant construction means you can take it to the park, the beach, or even let your dog play with it in the rain without worrying about damage.<sup></sup> The durable material resists fading and degradation from the elements, ensuring that this toy remains a favorite for seasons to come.<sup></sup> &nbsp;</li>

<li><strong>Promotes Healthy Chewing:</strong> Chewing is a natural instinct for dogs, and providing them with appropriate outlets for this behavior is crucial for their well-being.<sup></sup> The Tonka Diamond Plate Ball provides a safe and satisfying chewing experience.<sup></sup> The textured surface helps massage gums and promote dental health by gently scraping away plaque and tartar buildup as your dog chews. This helps maintain healthy teeth and gums, contributing to your dog&#8217;s overall health and happiness.<sup></sup> &nbsp;</li>

<li><strong>Perfect for All Breeds:</strong> Finding a toy that&#8217;s suitable for all dog sizes can be a challenge. The Tonka Diamond Plate Ball addresses this issue with its carefully designed 3-inch size. This size is ideal for small, medium, and large breeds, ensuring that every dog can enjoy the benefits of this durable and versatile toy. While some may perceive it as having a substantial feel, this is a testament to its robust construction and contributes to its long-lasting durability.</li>

<li><strong>Safety Tested:</strong> Your dog&#8217;s safety is our top priority. The Tonka Diamond Plate Ball is designed with your dog&#8217;s well-being in mind.<sup></sup> It&#8217;s made from non-toxic materials and undergoes rigorous testing to ensure it meets the highest safety standards. We understand that dogs can be enthusiastic chewers, so we&#8217;ve taken extra precautions to create a toy that&#8217;s both durable and safe for your furry friend. You can have peace of mind knowing that your dog is playing with a toy that&#8217;s been carefully designed and tested for their safety. &nbsp;</li></ul><h2 class="wp-block-heading">What Dog Owners Are Saying</h2><p>Dog owners consistently praise the Tonka Diamond Plate Ball for its exceptional durability. Many have shared stories of how this ball has withstood the relentless chewing of their powerful dogs, outlasting other toys that were quickly destroyed. They appreciate the long-lasting construction and the value it provides.</p><p>Owners also highlight the enjoyment their dogs experience with this toy. They note that the ball is a favorite for fetch and other interactive games, and they appreciate its sturdy construction and vibrant colors, which make it easy to spot during outdoor play. The ease of visibility is a welcome feature for many, especially during games in tall grass or at the park.</p><p>Furthermore, many customers have described the ball as a solid and well-made product that meets their expectations for a durable dog toy. They appreciate the quality of the materials and the robust design, confirming their confidence in its ability to withstand regular use and enthusiastic play.</p><h2 class="wp-block-heading">Product Specifications</h2><ul class="wp-block-list"><li><strong>Size:</strong> 3 inches – a perfect size for dogs of all breeds.</li>

<li><strong>Material:</strong> Durable Rubber with Diamond Plate Texture – engineered for maximum toughness and grip.  </li>

<li><strong>Intended for:</strong> Dogs of all sizes – from small pups to large breeds.</li></ul><h2 class="wp-block-heading">A Toy That Lasts</h2><p>The Tonka Rubber Diamond Plate Ball is more than just a toy; it&#8217;s a solution for dog owners tired of constantly replacing destroyed playthings. It&#8217;s an investment in your dog&#8217;s happiness and well-being, providing hours of entertainment, promoting healthy chewing habits, and offering peace of mind knowing that your dog is playing with a safe and durable toy.</p><p>We understand the bond you share with your dog, and we believe they deserve the best. That&#8217;s why we&#8217;ve created the Tonka Diamond Plate Ball – a toy that&#8217;s built to last, designed for fun, and crafted with your dog&#8217;s safety in mind. Choose the Tonka Diamond Plate Ball and give your dog a toy they&#8217;ll love for years to come.</p><div class="wp-block-stackable-button-group stk-block-button-group stk-block stk-f708c13" data-block-id="f708c13"><style>.stk-f708c13 .stk-button-group{flex-direction:row !important;}@media screen and (max-width: 1023px){.stk-f708c13 .stk-button-group{flex-direction:row !important;}}@media screen and (max-width: 767px){.stk-f708c13 .stk-button-group{flex-direction:row !important;}}</style><div class="stk-row stk-inner-blocks stk-block-content stk-button-group"><div class="wp-block-stackable-button stk-block-button stk-block stk-asovyf6" data-block-id="asovyf6"><a class="stk-link stk-button stk--hover-effect-darken" href="https://www.amazon.com/Tonka-Diamond-Lightweight-Durable-Resistant/dp/B0BX7B48BC/" target="_blank" rel="noreferrer noopener"><span class="stk-button__inner-text">Check price</span></a></div></div></div>]]></content:encoded>
					
					<wfw:commentRss>/967/feed</wfw:commentRss>
			<slash:comments>0</slash:comments>
		
		
			</item>
		<item>
		<title>Tonka Mega Tread Rope Tug Dog Toy (5027)</title>
		<link>/965</link>
					<comments>/965#respond</comments>
		
		<dc:creator><![CDATA[admin]]></dc:creator>
		<pubDate>Sun, 22 Dec 2024 13:34:01 +0000</pubDate>
				<category><![CDATA[Dog Toys]]></category>
		<guid isPermaLink="false">/?p=965</guid>

					<description><![CDATA[Introducing the Tonka Mega Tread Rope Tug Dog Toy – the ultimate playtime companion built for tough play and endless fun. Inspired by the legendary durability of Tonka trucks, this toy is designed to withstand even the most enthusiastic chewers and provide hours of engaging entertainment for your furry friend. If you&#8217;re looking for a [&#8230;]]]></description>
										<content:encoded><![CDATA[<div class="wp-block-stackable-columns stk-block-columns stk-block stk-ab1ecd0" data-block-id="ab1ecd0"><div class="stk-row stk-inner-blocks stk-block-content stk-content-align stk-ab1ecd0-column"><div class="wp-block-stackable-column stk-block-column stk-column stk-block stk-476b95f" data-v="4" data-block-id="476b95f"><div class="stk-column-wrapper stk-block-column__content stk-container stk-476b95f-container stk--no-background stk--no-padding"><div class="stk-block-content stk-inner-blocks stk-476b95f-inner-blocks"><p>Introducing the Tonka Mega Tread Rope Tug Dog Toy – the ultimate playtime companion built for tough play and endless fun. Inspired by the legendary durability of Tonka trucks, this toy is designed to withstand even the most enthusiastic chewers and provide hours of engaging entertainment for your furry friend. If you&#8217;re looking for a toy that can keep up with your dog&#8217;s boundless energy, look no further.</p>

<p><strong>Key Takeaways:</strong></p>

<ul class="wp-block-list"><li><strong>Ultra-Durable Tire Core:</strong> Built with Tonka-tough materials for long-lasting play, even with aggressive chewers.</li>

<li><strong>High-Visibility Design:</strong> Bright yellow and black colors make it easy to spot during outdoor play.</li>

<li><strong>Ideal for Medium &amp; Large Breeds:</strong> 15-inch length provides a good grip and satisfying tug for larger dogs.</li>

<li><strong>Versatile Play:</strong> Suitable for fetch, tug-of-war, and training.</li>

<li><strong>Rope Component Provides Added Interest:</strong> While not indestructible, the rope offers textural variety and engagement.</li></ul>

<div class="wp-block-stackable-button-group stk-block-button-group stk-block stk-9ad39f0" data-block-id="9ad39f0"><style>.stk-9ad39f0 .stk-button-group{flex-direction:row !important;}@media screen and (max-width: 1023px){.stk-9ad39f0 .stk-button-group{flex-direction:row !important;}}@media screen and (max-width: 767px){.stk-9ad39f0 .stk-button-group{flex-direction:row !important;}}</style><div class="stk-row stk-inner-blocks stk-block-content stk-button-group"><div class="wp-block-stackable-button stk-block-button stk-block stk-4p7omkq" data-block-id="4p7omkq"><a class="stk-link stk-button stk--hover-effect-darken" href="https://www.amazon.com/Nerf-Dog-Lightweight-Durable-Resistant/dp/B083L4237N/" target="_blank" rel="noreferrer noopener"><span class="stk-button__inner-text">Check price</span></a></div></div></div></div></div></div>

<div class="wp-block-stackable-column stk-block-column stk-column stk-block stk-e497a9f" data-v="4" data-block-id="e497a9f"><div class="stk-column-wrapper stk-block-column__content stk-container stk-e497a9f-container stk--no-background stk--no-padding"><div class="stk-block-content stk-inner-blocks stk-e497a9f-inner-blocks"><div class="wp-block-stackable-image stk-block-image stk-block stk-h5huc69" data-block-id="h5huc69"><figure><a class="stk-link" href="https://www.amazon.com/Nerf-Dog-Lightweight-Durable-Resistant/dp/B083L4237N/" target="_blank" rel="noreferrer noopener"><span class="stk-img-wrapper stk-image--shape-stretch"><img decoding="async" class="stk-img wp-image-905" src="/wp-content/uploads/2024/12/Tonka-5027-Mega-Tread-Rope-Tug-Dog-Toy.jpg" width="300" height="300" alt="Tonka 5027 Mega Tread Rope Tug Dog Toy" srcset="/wp-content/uploads/2024/12/Tonka-5027-Mega-Tread-Rope-Tug-Dog-Toy.jpg 300w, /wp-content/uploads/2024/12/Tonka-5027-Mega-Tread-Rope-Tug-Dog-Toy-150x150.jpg 150w, /wp-content/uploads/2024/12/Tonka-5027-Mega-Tread-Rope-Tug-Dog-Toy-100x100.jpg 100w" sizes="(max-width: 300px) 100vw, 300px" /></span></a></figure></div></div></div></div></div></div><h2 class="wp-block-heading">Built for Tough Play</h2><p>The Tonka name has been synonymous with toughness and durability for generations.<sup></sup> Just like the iconic steel trucks that have inspired countless childhood adventures, the Tonka Mega Tread Rope Tug is built to last. The core of this toy is crafted from robust materials designed to resist even aggressive chewing.<sup></sup> This isn&#8217;t just another dog toy; it&#8217;s a Tonka. &nbsp;</p><p>One of the biggest challenges with dog toys, especially during outdoor play, is keeping track of them. The Tonka Mega Tread Rope Tug solves this problem with its high-visibility design.<sup></sup> The bright yellow and black color scheme makes it easy to spot, whether you&#8217;re playing in the park, the backyard, or even at the beach. No more searching through tall grass or under bushes – this toy stands out, ensuring you and your dog can focus on the fun. &nbsp;</p><p>This toy isn&#8217;t just about toughness; it&#8217;s also about engagement. The durable rope component adds an extra dimension to playtime, perfect for tug-of-war, fetching, and interactive play.<sup></sup> The rope offers a satisfying texture for your dog to grip and pull, adding variety to their play experience. While the tire itself is built for extreme durability, the rope is designed to provide engaging texture and may show signs of wear with particularly aggressive chewers. This is a normal part of its function as an interactive element. The focus of this toy is its long-lasting, ultra-durable tire. &nbsp;</p><p>At 15 inches long, the Tonka Mega Tread Rope Tug is perfectly sized for medium and large breed dogs.<sup></sup> The length provides a comfortable grip for both dogs and their owners during tug-of-war, and it&#8217;s also ideal for throwing and retrieving. This toy offers a satisfying size and weight that allows for dynamic play. &nbsp;</p><p>Whether it&#8217;s a sunny day at the park or a rainy afternoon in the backyard, the Tonka Mega Tread Rope Tug is ready for action. The toy is designed to be weather and water-resistant, so you don&#8217;t have to worry about it getting damaged by the elements.<sup></sup> This means more playtime, no matter the weather. &nbsp;</p><h2 class="wp-block-heading">Product Specifications</h2><ul class="wp-block-list"><li><strong>Dimensions:</strong> 15 inches length</li>

<li><strong>Breed Size:</strong> Recommended for medium and large breeds.</li>

<li><strong>Safety Information:</strong> Always supervise your pet during play. Inspect toy regularly for damage and replace if necessary.</li></ul><h2 class="wp-block-heading">What Dog Owners Are Saying</h2><p>Dog owners have consistently praised the Tonka Mega Tread Rope Tug for its exceptional durability, particularly the tire portion.<sup></sup> Many have shared stories of their dogs, even those known for their powerful chewing habits, being unable to make a dent in the tough tire. This has made it a favorite for owners seeking a long-lasting toy that can withstand rigorous play. &nbsp;</p><p>The high visibility of the toy has also been a recurring highlight in customer feedback. Owners appreciate how easy it is to spot the bright yellow and black toy during outdoor play, preventing it from getting lost and maximizing playtime.</p><p>While some have noted that the rope component may show signs of wear with heavy chewing, they emphasize that the tire itself remains remarkably intact. This reinforces the toy&#8217;s core value: a durable tire built for tough play. The rope provides additional texture and engagement.</p><p>Owners of various breeds and sizes, within the medium to large breed range, have reported their dogs enjoying the Tonka Mega Tread Rope Tug. The size and weight are well-suited for interactive play, providing a satisfying tug-of-war experience for both dogs and their owners.</p><h2 class="wp-block-heading">Tips for Play and Care</h2><p>To ensure the safety of your pet and maximize the lifespan of your Tonka Mega Tread Rope Tug, please follow these guidelines:</p><ul class="wp-block-list"><li><strong>Supervise Playtime:</strong> Always supervise your pet during play sessions, especially during initial introductions to the toy. This allows you to monitor their play style and ensure they are using the toy safely.</li>

<li><strong>Regular Inspections:</strong> Regularly inspect the toy for any signs of damage, such as cracks, tears, or loose parts. If you notice any damage, remove the toy immediately and replace it with a new one.</li>

<li><strong>Cleaning Instructions:</strong> To clean the Tonka Mega Tread Rope Tug, hand wash it with mild soap and water. Rinse thoroughly and allow it to air dry completely before giving it back to your dog.</li>

<li><strong>Appropriate Use:</strong> This toy is designed for interactive play, such as fetching and tug-of-war. It is not intended for aggressive chewing sessions where the dog is left unsupervised with the toy for extended periods.  </li></ul><h2 class="wp-block-heading">Ready for Tonka-Tough Play?</h2><p>The Tonka Mega Tread Rope Tug Dog Toy is more than just a toy; it&#8217;s an investment in countless hours of fun and engaging play for you and your furry friend. Built with the same legendary durability that has made Tonka a household name, this toy is designed to withstand even the most enthusiastic play sessions. Get yours today and unleash the fun!</p><div class="wp-block-stackable-button-group stk-block-button-group stk-block stk-151d207" data-block-id="151d207"><style>.stk-151d207 .stk-button-group{flex-direction:row !important;}@media screen and (max-width: 1023px){.stk-151d207 .stk-button-group{flex-direction:row !important;}}@media screen and (max-width: 767px){.stk-151d207 .stk-button-group{flex-direction:row !important;}}</style><div class="stk-row stk-inner-blocks stk-block-content stk-button-group"><div class="wp-block-stackable-button stk-block-button stk-block stk-yi5qh8l" data-block-id="yi5qh8l"><a class="stk-link stk-button stk--hover-effect-darken" href="https://www.amazon.com/Nerf-Dog-Lightweight-Durable-Resistant/dp/B083L4237N/" target="_blank" rel="noreferrer noopener"><span class="stk-button__inner-text">Check price</span></a></div></div></div><p><a href="/faq#citation" target="_blank" rel="noreferrer noopener"></a></p><p><a target="_blank" rel="noreferrer noopener" href="https://www.amazon.com/Nerf-Dog-Lightweight-Durable-Resistant/dp/B083L4237N"></a></p><p><a target="_blank" rel="noreferrer noopener" href="https://www.amazon.com/Nerf-Dog-Lightweight-Durable-Resistant/dp/B083L4237N"></a></p>]]></content:encoded>
					
					<wfw:commentRss>/965/feed</wfw:commentRss>
			<slash:comments>0</slash:comments>
		
		
			</item>
		<item>
		<title>Tonka Rubber 3-Ring Tug Dog Toy (5038)</title>
		<link>/963</link>
					<comments>/963#respond</comments>
		
		<dc:creator><![CDATA[admin]]></dc:creator>
		<pubDate>Sun, 22 Dec 2024 13:29:36 +0000</pubDate>
				<category><![CDATA[Dog Toys]]></category>
		<guid isPermaLink="false">/?p=963</guid>

					<description><![CDATA[Is your furry friend a relentless chewer? Do you find yourself constantly replacing torn and tattered dog toys? Look no further than the Tonka 3-Ring Tug, a toy engineered for durability and designed for endless hours of interactive play. Built with the same &#8220;Tonka tough&#8221; spirit that has made the brand synonymous with resilience, this [&#8230;]]]></description>
										<content:encoded><![CDATA[<div class="wp-block-stackable-columns stk-block-columns stk-block stk-5c65725" data-block-id="5c65725"><div class="stk-row stk-inner-blocks stk-block-content stk-content-align stk-5c65725-column"><div class="wp-block-stackable-column stk-block-column stk-column stk-block stk-b47c557" data-v="4" data-block-id="b47c557"><div class="stk-column-wrapper stk-block-column__content stk-container stk-b47c557-container stk--no-background stk--no-padding"><div class="stk-block-content stk-inner-blocks stk-b47c557-inner-blocks"><p>Is your furry friend a relentless chewer? Do you find yourself constantly replacing torn and tattered dog toys? Look no further than the Tonka 3-Ring Tug, a toy engineered for durability and designed for endless hours of interactive play. Built with the same &#8220;Tonka tough&#8221; spirit that has made the brand synonymous with resilience, this toy is ready to withstand even the most enthusiastic play sessions.</p>

<p><strong>Key Takeaways:</strong></p>

<ul class="wp-block-list"><li><strong>Ultra-Durable Design:</strong> Made with Tonka-tough materials, this tug toy is built to withstand rigorous play and chewing, offering a longer lifespan than many other dog toys.</li>

<li><strong>Engaging Play:</strong> The 3-ring design facilitates interactive play, including fetch, tug-of-war, and training exercises, keeping dogs mentally and physically stimulated.</li>

<li><strong>Safe and Visible:</strong> Designed with safety in mind and featuring high-visibility colors, this toy is easy to track during outdoor play and helps prevent accidents.</li>

<li><strong>Suitable for Medium and Large Breeds:</strong> The 10.5-inch size is ideal for medium and large dogs, offering a comfortable grip for both pets and owners.</li></ul>

<div class="wp-block-stackable-button-group stk-block-button-group stk-block stk-50efc89" data-block-id="50efc89"><style>.stk-50efc89 .stk-button-group{flex-direction:row !important;}@media screen and (max-width: 1023px){.stk-50efc89 .stk-button-group{flex-direction:row !important;}}@media screen and (max-width: 767px){.stk-50efc89 .stk-button-group{flex-direction:row !important;}}</style><div class="stk-row stk-inner-blocks stk-block-content stk-button-group"><div class="wp-block-stackable-button stk-block-button stk-block stk-ntj6tv8" data-block-id="ntj6tv8"><a class="stk-link stk-button stk--hover-effect-darken" href="https://www.amazon.com/Nerf-Dog-Lightweight-Durable-Resistant/dp/B083LLHDX3/" target="_blank" rel="noreferrer noopener"><span class="stk-button__inner-text">Check price</span></a></div></div></div></div></div></div>

<div class="wp-block-stackable-column stk-block-column stk-column stk-block stk-76b7da9" data-v="4" data-block-id="76b7da9"><div class="stk-column-wrapper stk-block-column__content stk-container stk-76b7da9-container stk--no-background stk--no-padding"><div class="stk-block-content stk-inner-blocks stk-76b7da9-inner-blocks"><div class="wp-block-stackable-image stk-block-image stk-block stk-q24p1iu" data-block-id="q24p1iu"><figure><a class="stk-link" href="https://www.amazon.com/Nerf-Dog-Lightweight-Durable-Resistant/dp/B083LLHDX3/" target="_blank" rel="noreferrer noopener"><span class="stk-img-wrapper stk-image--shape-stretch"><img decoding="async" class="stk-img wp-image-904" src="/wp-content/uploads/2024/12/Tonka-5038-Rubber-3-Ring-Tug-Dog-Toy.jpg" width="300" height="300" alt="Tonka 5038 Rubber 3-Ring Tug Dog Toy" srcset="/wp-content/uploads/2024/12/Tonka-5038-Rubber-3-Ring-Tug-Dog-Toy.jpg 300w, /wp-content/uploads/2024/12/Tonka-5038-Rubber-3-Ring-Tug-Dog-Toy-150x150.jpg 150w, /wp-content/uploads/2024/12/Tonka-5038-Rubber-3-Ring-Tug-Dog-Toy-100x100.jpg 100w" sizes="(max-width: 300px) 100vw, 300px" /></span></a></figure></div></div></div></div></div></div><h2 class="wp-block-heading">Built for Tough Play: Key Features</h2><p>The Tonka 3-Ring Tug isn&#8217;t just another dog toy; it&#8217;s a testament to robust design and thoughtful engineering.<sup></sup> Each feature is carefully considered to provide a superior play experience for both dogs and their owners. &nbsp;</p><p><strong>Tonka Tough Material:</strong> The secret to the Tonka 3-Ring Tug&#8217;s exceptional durability lies in its construction. Crafted from specially formulated materials, this toy is designed to withstand the rigors of intense chewing and pulling. Unlike many other dog toys that quickly succumb to teeth and claws, the Tonka 3-Ring Tug is built to last. This robust construction ensures that your dog can enjoy countless hours of play without you having to worry about constant replacements. The material is designed to resist tearing and ripping, even under significant pressure, providing a long-lasting and reliable toy.  </p><p><strong>3-Ring Design:</strong> The innovative 3-ring design is what truly sets this toy apart. This unique configuration offers a multitude of play possibilities, making it far more versatile than traditional single-piece toys.</p><ul class="wp-block-list"><li><strong>Tug-of-War:</strong> The rings provide multiple secure gripping points for both dogs and owners, making it ideal for exciting games of tug-of-war. This interactive play strengthens the bond between you and your pet while providing a healthy physical workout.  </li>

<li><strong>Fetching:</strong> The distinct shape and weight of the toy make it perfect for fetching. Its aerodynamic design allows for long throws, encouraging your dog to run and retrieve. The bright colors make it easy to spot, even in tall grass or low-light conditions.  </li>

<li><strong>Carrying and Chewing:</strong> The rings offer a comfortable grip for dogs to carry the toy around, and the durable material provides a satisfying chewing experience. This helps to satisfy their natural urge to chew, potentially diverting them from chewing on furniture or other household items.  </li></ul><p><strong>High Visibility:</strong> Losing a dog toy during outdoor play can be frustrating. The Tonka 3-Ring Tug addresses this issue with its vibrant yellow and black color scheme. These high-visibility colors make the toy easy to spot, even in tall grass, wooded areas, or during dusk and dawn. This ensures that you and your dog can always keep track of the toy, maximizing playtime and minimizing the risk of losing it. This feature is especially beneficial for dogs with poor eyesight or during low-light conditions.  </p><p><strong>Weather and Water Resistant:</strong> Whether it&#8217;s a sunny day at the park or a drizzly afternoon in the backyard, the Tonka 3-Ring Tug is ready for action. Its weather-resistant design ensures that it can withstand the elements without deteriorating. The toy is also water-resistant, meaning it can be used for water play without absorbing water and becoming heavy or waterlogged. This makes it a great option for dogs who love to swim or play near water.  </p><p><strong>Size and Breed Suitability:</strong> Designed with medium and large breeds in mind, the Tonka 3-Ring Tug measures a substantial 10.5 inches in length. This size provides a comfortable and secure grip for larger dogs, allowing them to fully engage in play without struggling to hold onto the toy. While smaller dogs can also enjoy this toy, its size and weight are optimized for medium and large breeds.  </p><h2 class="wp-block-heading">What Dog Owners Are Saying</h2><p>While the features speak for themselves, the experiences of other dog owners provide valuable insights into the real-world performance of the Tonka 3-Ring Tug.</p><p>Many owners have praised the toy&#8217;s exceptional durability, noting that it has outlasted numerous other toys that their dogs have quickly destroyed.<sup></sup> They&#8217;ve highlighted its ability to withstand aggressive chewing and pulling, making it a valuable investment for owners of powerful chewers. &nbsp;</p><p>Dog owners have also emphasized the toy&#8217;s versatility, noting that their dogs enjoy a variety of play activities with it, from tug-of-war to fetching and carrying.<sup></sup> They&#8217;ve appreciated how the 3-ring design facilitates interactive play and keeps their dogs engaged and entertained. &nbsp;</p><p>The value proposition of the Tonka 3-Ring Tug has also been a recurring theme in owner feedback. Many have noted that its durability and versatility justify its price, making it a worthwhile purchase compared to repeatedly buying cheaper, less durable toys.</p><h2 class="wp-block-heading">Tips for Optimal Use and Care</h2><p>To ensure the longevity and safety of your Tonka 3-Ring Tug, please follow these simple guidelines:</p><ul class="wp-block-list"><li><strong>Supervise Initial Play:</strong> During the first few play sessions, it&#8217;s essential to supervise your dog to ensure they are using the toy appropriately. This will also allow you to assess their chewing habits and identify any potential safety concerns.</li>

<li><strong>Regular Inspections:</strong> Regularly inspect the toy for any signs of wear and tear, such as cracks, tears, or missing pieces. If you notice any damage, remove the toy immediately to prevent your dog from ingesting any small parts.</li>

<li><strong>Cleaning Instructions:</strong> To clean the toy, simply wash it with mild soap and water. Rinse thoroughly and allow it to air dry completely before giving it back to your dog.</li>

<li><strong>Proper Storage:</strong> When not in use, store the toy in a dry place away from direct sunlight and extreme temperatures. This will help to maintain its integrity and prolong its lifespan.</li></ul><h2 class="wp-block-heading">Product Details</h2><ul class="wp-block-list"><li><strong>Product Dimensions:</strong> 10.5 inches  </li>

<li><strong>Model Number:</strong> 5038</li></ul><p>The Tonka 3-Ring Tug is more than just a dog toy; it&#8217;s an investment in your dog&#8217;s happiness and well-being. Its durable construction, versatile design, and focus on safety make it a top choice for dog owners seeking a long-lasting and engaging toy. Give your furry friend the gift of endless play with the Tonka 3-Ring Tug.</p><div class="wp-block-stackable-button-group stk-block-button-group stk-block stk-d3ae561" data-block-id="d3ae561"><style>.stk-d3ae561 .stk-button-group{flex-direction:row !important;}@media screen and (max-width: 1023px){.stk-d3ae561 .stk-button-group{flex-direction:row !important;}}@media screen and (max-width: 767px){.stk-d3ae561 .stk-button-group{flex-direction:row !important;}}</style><div class="stk-row stk-inner-blocks stk-block-content stk-button-group"><div class="wp-block-stackable-button stk-block-button stk-block stk-nmuba6o" data-block-id="nmuba6o"><a class="stk-link stk-button stk--hover-effect-darken" href="https://www.amazon.com/Nerf-Dog-Lightweight-Durable-Resistant/dp/B083LLHDX3/" target="_blank" rel="noreferrer noopener"><span class="stk-button__inner-text">Check price</span></a></div></div></div>]]></content:encoded>
					
					<wfw:commentRss>/963/feed</wfw:commentRss>
			<slash:comments>0</slash:comments>
		
		
			</item>
	</channel>
</rss>
