<?xml version="1.0" encoding="UTF-8"?><rss version="2.0"
	xmlns:content="http://purl.org/rss/1.0/modules/content/"
	xmlns:wfw="http://wellformedweb.org/CommentAPI/"
	xmlns:dc="http://purl.org/dc/elements/1.1/"
	xmlns:atom="http://www.w3.org/2005/Atom"
	xmlns:sy="http://purl.org/rss/1.0/modules/syndication/"
	xmlns:slash="http://purl.org/rss/1.0/modules/slash/"
	>

<channel>
	<title>Non-Classics &#8211; Tonka Trucks and Toys Official Online Website</title>
	<atom:link href="/non-classics/feed" rel="self" type="application/rss+xml" />
	<link>/</link>
	<description></description>
	<lastBuildDate>Sun, 22 Dec 2024 13:25:20 +0000</lastBuildDate>
	<language>en-US</language>
	<sy:updatePeriod>
	hourly	</sy:updatePeriod>
	<sy:updateFrequency>
	1	</sy:updateFrequency>
	<generator>https://wordpress.org/?v=6.7.1</generator>

<image>
	<url>/wp-content/uploads/2024/12/cropped-Tonka-favicon-32x32.jpg</url>
	<title>Non-Classics &#8211; Tonka Trucks and Toys Official Online Website</title>
	<link>/</link>
	<width>32</width>
	<height>32</height>
</image> 
	<item>
		<title>Tonka Tough Toolbox Set (06235)</title>
		<link>/961</link>
					<comments>/961#respond</comments>
		
		<dc:creator><![CDATA[admin]]></dc:creator>
		<pubDate>Sun, 22 Dec 2024 13:25:18 +0000</pubDate>
				<category><![CDATA[Non-Classics]]></category>
		<guid isPermaLink="false">/?p=961</guid>

					<description><![CDATA[Inspire your little builder with the Tonka Tough Toolbox Set! This durable set includes 12 realistic tools, a portable carrying case, and a buildable workbench for hours of imaginative, screen-free play. Designed for little hands and built to withstand enthusiastic play, this set is the perfect introduction to the world of building and creating. Key [&#8230;]]]></description>
										<content:encoded><![CDATA[<div class="wp-block-stackable-columns stk-block-columns stk-block stk-5e2de80" data-block-id="5e2de80"><div class="stk-row stk-inner-blocks stk-block-content stk-content-align stk-5e2de80-column"><div class="wp-block-stackable-column stk-block-column stk-column stk-block stk-dc65706" data-v="4" data-block-id="dc65706"><div class="stk-column-wrapper stk-block-column__content stk-container stk-dc65706-container stk--no-background stk--no-padding"><div class="stk-block-content stk-inner-blocks stk-dc65706-inner-blocks"><p>Inspire your little builder with the Tonka Tough Toolbox Set! This durable set includes 12 realistic tools, a portable carrying case, and a buildable workbench for hours of imaginative, screen-free play. Designed for little hands and built to withstand enthusiastic play, this set is the perfect introduction to the world of building and creating.</p>

<p><strong>Key Takeaways:</strong></p>

<ul class="wp-block-list"><li><strong>Real-World Play:</strong> Encourages active, imaginative play away from screens.</li>

<li><strong>Durable and Kid-Friendly:</strong> Designed for little hands and built to withstand enthusiastic play.</li>

<li><strong>Complete Set:</strong> Includes 12 tools and accessories, a carrying case, and a buildable workbench.</li>

<li><strong>Perfect for Toddlers:</strong> Ideal size and features for children aged 2 and up.</li>

<li><strong>Generational Fun:</strong> Part of the Tonka legacy of durable, engaging toys loved by families for over 75 years.</li></ul>

<div class="wp-block-stackable-button-group stk-block-button-group stk-block stk-c692f94" data-block-id="c692f94"><style>.stk-c692f94 .stk-button-group{flex-direction:row !important;}@media screen and (max-width: 1023px){.stk-c692f94 .stk-button-group{flex-direction:row !important;}}@media screen and (max-width: 767px){.stk-c692f94 .stk-button-group{flex-direction:row !important;}}</style><div class="stk-row stk-inner-blocks stk-block-content stk-button-group"><div class="wp-block-stackable-button stk-block-button stk-block stk-ae5jyxk" data-block-id="ae5jyxk"><a class="stk-link stk-button stk--hover-effect-darken" href="https://www.amazon.com/Tonka-Tough-Toolbox-Set-Accessories/dp/B0BSMGF5Y9/" target="_blank" rel="noreferrer noopener"><span class="stk-button__inner-text">Check price</span></a></div></div></div></div></div></div>

<div class="wp-block-stackable-column stk-block-column stk-column stk-block stk-79ef3b5" data-v="4" data-block-id="79ef3b5"><div class="stk-column-wrapper stk-block-column__content stk-container stk-79ef3b5-container stk--no-background stk--no-padding"><div class="stk-block-content stk-inner-blocks stk-79ef3b5-inner-blocks"><div class="wp-block-stackable-image stk-block-image stk-block stk-d059dyg" data-block-id="d059dyg"><figure><a class="stk-link" href="https://www.amazon.com/Tonka-Tough-Toolbox-Set-Accessories/dp/B0BSMGF5Y9/" target="_blank" rel="noreferrer noopener"><span class="stk-img-wrapper stk-image--shape-stretch"><img fetchpriority="high" decoding="async" class="stk-img wp-image-900" src="/wp-content/uploads/2024/12/Tonka-06235-Tough-Toolbox-Set.jpg" width="300" height="300" alt="Tonka 06235 Tough Toolbox Set" srcset="/wp-content/uploads/2024/12/Tonka-06235-Tough-Toolbox-Set.jpg 300w, /wp-content/uploads/2024/12/Tonka-06235-Tough-Toolbox-Set-150x150.jpg 150w, /wp-content/uploads/2024/12/Tonka-06235-Tough-Toolbox-Set-100x100.jpg 100w" sizes="(max-width: 300px) 100vw, 300px" /></span></a></figure></div></div></div></div></div></div><h2 class="wp-block-heading">Built for Big Imaginations</h2><p>The Tonka Tough Toolbox Set isn&#8217;t just a toy; it&#8217;s a gateway to a world of imaginative play. With its realistic tools, convenient carrying case, and buildable workbench, this set provides everything your child needs to embark on countless building adventures.<sup></sup> &nbsp;</p><ul class="wp-block-list"><li><strong>12 Realistic Tools:</strong> This set features 12 essential tools that mimic the real thing, allowing your child to feel like a true construction pro.<sup></sup> From the trusty hammer for pounding and shaping to the versatile wrench for tightening and loosening, each tool is designed for little hands to grip and maneuver easily. The set also includes a screwdriver for fastening, a saw for &#8220;cutting,&#8221; and other essential tools that encourage role-play and develop fine motor skills.<sup></sup> As children grasp, lift, and manipulate these tools, they refine their hand-eye coordination and build essential dexterity. They will develop their problem-solving skills as they figure out how to use each tool for different tasks.<sup></sup> &nbsp;</li>

<li><strong>Portable Carrying Case:</strong> Keep all the tools organized and ready for action with the included carrying case.<sup></sup> This durable case not only provides convenient storage but also makes it easy for your child to take their building adventures on the go. Whether they&#8217;re heading to the backyard, a friend&#8217;s house, or just moving from room to room, the carrying case ensures that all their tools are safely stored and readily accessible.<sup></sup> This feature also promotes responsibility and organization as children learn to pack up their tools after playtime. &nbsp;</li>

<li><strong>Buildable Workbench:</strong> Transform any play area into a construction zone with the included buildable workbench.<sup></sup> This sturdy surface provides a dedicated workspace for your little builder to tackle their projects.<sup></sup> Whether they&#8217;re pretending to fix a toy truck, construct a birdhouse, or simply experiment with the tools, the workbench provides a stable and engaging platform for their imaginative play.<sup></sup> This feature enhances the play experience by creating a realistic construction environment. &nbsp;</li>

<li><strong>Durable Tonka Tough Construction:</strong> True to the Tonka legacy, this toolbox set is built to last.<sup></sup> Made from durable, high-quality materials, it can withstand the rigors of enthusiastic play.<sup></sup> Parents can rest assured that this set is designed to endure countless hours of imaginative building and creating. This robust construction ensures that the Tonka Tough Toolbox Set will be a cherished toy for years to come. &nbsp;</li>

<li><strong>Screen-Free Play:</strong> In today’s digital world, it’s more important than ever to encourage children to engage in active, screen-free play. The Tonka Tough Toolbox Set provides the perfect opportunity for kids to put down their screens and engage in imaginative, hands-on activities.<sup></sup> This type of play fosters creativity, problem-solving skills, and social interaction.<sup></sup> It also promotes physical activity as children move around and engage with the tools and workbench.<sup></sup> &nbsp;</li></ul><h2 class="wp-block-heading">Over 75 Years of Tough</h2><p>For over 75 years, Tonka has been a trusted name in toys, creating durable, high-quality vehicles and playsets that have been passed down through generations.<sup></sup> From the iconic Mighty Dump Truck to a wide range of other construction vehicles and playsets, Tonka has inspired countless hours of imaginative play for children around the world.<sup></sup> &nbsp;</p><p>The Tonka story began in 1947 in Mound, Minnesota, where a small company called Mound Metalcraft began producing metal toys. In 1955, the company introduced the first Tonka toy, a metal steam shovel. The name &#8220;Tonka&#8221; comes from the Dakota Sioux word &#8220;Tanka,&#8221; which means &#8220;great&#8221; or &#8220;big.&#8221;<sup></sup> &nbsp;</p><p>From the very beginning, Tonka toys were known for their exceptional durability. They were built to withstand the rough and tumble play of children, both indoors and outdoors. This commitment to quality quickly made Tonka a beloved brand among families.</p><p>Over the decades, Tonka has continued to innovate and expand its product line, introducing new vehicles, playsets, and accessories that capture the imaginations of children. But through all the changes, one thing has remained constant: Tonka’s commitment to creating tough, durable toys that inspire imaginative play. The Tonka Tough Toolbox Set continues this legacy, offering children a hands-on experience that encourages creativity, problem-solving, and good old-fashioned fun.<sup></sup> &nbsp;</p><h2 class="wp-block-heading">What Parents Are Saying</h2><p>Parents are thrilled with the Tonka Tough Toolbox Set, noting its perfect size for toddlers and its ability to keep children engaged for extended periods. Many appreciate the set&#8217;s durability, knowing it can withstand the wear and tear of active play. Grandparents often choose this as a gift, recognizing its potential for creating shared play experiences between generations. The set&#8217;s focus on screen-free play is also a significant plus for parents seeking engaging alternatives to digital entertainment.</p><h2 class="wp-block-heading">Specifications</h2><ul class="wp-block-list"><li><strong>Product Name:</strong> Tonka Tough Toolbox Set</li>

<li><strong>Item Number:</strong> 06235</li>

<li><strong>Age Recommendation:</strong> 2+ years</li>

<li><strong>Includes:</strong> 12 toy tools, carrying case, buildable workbench  </li>

<li><strong>Materials:</strong> Durable plastic</li></ul><h3 class="wp-block-heading">Bring Home the Tonka Tough Toolbox Set Today!</h3><p>The Tonka Tough Toolbox Set is more than just a toy; it’s an investment in your child&#8217;s imagination and development. It’s a chance to introduce them to the joy of building, creating, and playing in the real world. With its durable construction, realistic tools, and engaging features, this set is sure to provide hours of fun for years to come.</p><div class="wp-block-stackable-button-group stk-block-button-group stk-block stk-c98415f" data-block-id="c98415f"><style>.stk-c98415f .stk-button-group{flex-direction:row !important;}@media screen and (max-width: 1023px){.stk-c98415f .stk-button-group{flex-direction:row !important;}}@media screen and (max-width: 767px){.stk-c98415f .stk-button-group{flex-direction:row !important;}}</style><div class="stk-row stk-inner-blocks stk-block-content stk-button-group"><div class="wp-block-stackable-button stk-block-button stk-block stk-h8dn7fx" data-block-id="h8dn7fx"><a class="stk-link stk-button stk--hover-effect-darken" href="https://www.amazon.com/Tonka-Tough-Toolbox-Set-Accessories/dp/B0BSMGF5Y9/" target="_blank" rel="noreferrer noopener"><span class="stk-button__inner-text">Check price</span></a></div></div></div>]]></content:encoded>
					
					<wfw:commentRss>/961/feed</wfw:commentRss>
			<slash:comments>0</slash:comments>
		
		
			</item>
		<item>
		<title>Tonka Building Block and Bucket playset (06187)</title>
		<link>/959</link>
					<comments>/959#respond</comments>
		
		<dc:creator><![CDATA[admin]]></dc:creator>
		<pubDate>Sun, 22 Dec 2024 13:20:58 +0000</pubDate>
				<category><![CDATA[Non-Classics]]></category>
		<guid isPermaLink="false">/?p=959</guid>

					<description><![CDATA[Get ready to unleash your child&#8217;s inner builder with the Tonka Tough Builders Playset! This isn&#8217;t just a toy; it&#8217;s a gateway to a world of imaginative play, where creativity takes shape, and little hands build big dreams. Packed with 25 vibrant building blocks, a sturdy Tonka hard hat, and a versatile storage bucket that [&#8230;]]]></description>
										<content:encoded><![CDATA[<div class="wp-block-stackable-columns stk-block-columns stk-block stk-5d983b5" data-block-id="5d983b5"><div class="stk-row stk-inner-blocks stk-block-content stk-content-align stk-5d983b5-column"><div class="wp-block-stackable-column stk-block-column stk-column stk-block stk-e3c6d1a" data-v="4" data-block-id="e3c6d1a"><div class="stk-column-wrapper stk-block-column__content stk-container stk-e3c6d1a-container stk--no-background stk--no-padding"><div class="stk-block-content stk-inner-blocks stk-e3c6d1a-inner-blocks"><p>Get ready to unleash your child&#8217;s inner builder with the Tonka Tough Builders Playset! This isn&#8217;t just a toy; it&#8217;s a gateway to a world of imaginative play, where creativity takes shape, and little hands build big dreams. Packed with 25 vibrant building blocks, a sturdy Tonka hard hat, and a versatile storage bucket that doubles as a building base, this playset offers endless opportunities for construction, role-play, and on-the-go fun.</p>

<p><strong>Key Takeaways:</strong></p>

<ul class="wp-block-list"><li><strong>Imaginative Play:</strong> Encourages open-ended, screen-free play through building and role-playing.</li>

<li><strong>Durable and Versatile:</strong> Includes 25 colorful blocks, a wearable hard hat, and a storage bucket that doubles as a building base.</li>

<li><strong>Portable and Convenient:</strong> Easy to store and transport, making it suitable for both home and on-the-go play.</li>

<li><strong>Developmental Benefits:</strong> Supports fine motor skills, color recognition, and creative thinking.</li>

<li><strong>Generational Appeal:</strong> Part of the trusted Tonka legacy, known for its durable and long-lasting toys.</li></ul>

<div class="wp-block-stackable-button-group stk-block-button-group stk-block stk-6be614d" data-block-id="6be614d"><style>.stk-6be614d .stk-button-group{flex-direction:row !important;}@media screen and (max-width: 1023px){.stk-6be614d .stk-button-group{flex-direction:row !important;}}@media screen and (max-width: 767px){.stk-6be614d .stk-button-group{flex-direction:row !important;}}</style><div class="stk-row stk-inner-blocks stk-block-content stk-button-group"><div class="wp-block-stackable-button stk-block-button stk-block stk-qsqkrnv" data-block-id="qsqkrnv"><a class="stk-link stk-button stk--hover-effect-darken" href="https://www.amazon.com/Tonka-Tough-Builders-Frustration-Packaging/dp/B0BJW9Q5S6/" target="_blank" rel="noreferrer noopener"><span class="stk-button__inner-text">Check price</span></a></div></div></div></div></div></div>

<div class="wp-block-stackable-column stk-block-column stk-column stk-block stk-d343369" data-v="4" data-block-id="d343369"><div class="stk-column-wrapper stk-block-column__content stk-container stk-d343369-container stk--no-background stk--no-padding"><div class="stk-block-content stk-inner-blocks stk-d343369-inner-blocks"><div class="wp-block-stackable-image stk-block-image stk-block stk-ypo5h25" data-block-id="ypo5h25"><figure><a class="stk-link" href="https://www.amazon.com/Tonka-Tough-Builders-Frustration-Packaging/dp/B0BJW9Q5S6/" target="_blank" rel="noreferrer noopener"><span class="stk-img-wrapper stk-image--shape-stretch"><img decoding="async" class="stk-img wp-image-899" src="/wp-content/uploads/2024/12/Tonka-06187-Building-Block-and-Bucket-playset.jpg" width="300" height="300" alt="Tonka 06187 Building Block and Bucket playset" srcset="/wp-content/uploads/2024/12/Tonka-06187-Building-Block-and-Bucket-playset.jpg 300w, /wp-content/uploads/2024/12/Tonka-06187-Building-Block-and-Bucket-playset-150x150.jpg 150w, /wp-content/uploads/2024/12/Tonka-06187-Building-Block-and-Bucket-playset-100x100.jpg 100w" sizes="(max-width: 300px) 100vw, 300px" /></span></a></figure></div></div></div></div></div></div><h2 class="wp-block-heading">Built for Big Imaginations</h2><p>The Tonka Tough Builders Playset is designed to ignite creativity and encourage open-ended play.<sup></sup> Forget passive screen time; this set invites children to engage in active, hands-on building experiences that foster imagination and develop essential skills.<sup></sup> &nbsp;</p><ul class="wp-block-list"><li><strong>25 Colorful Building Blocks:</strong> This set comes with 25 brightly colored building blocks, providing a vibrant palette for young builders. From towering skyscrapers to whimsical creatures, the possibilities are as limitless as their imaginations. The variety of colors not only makes building more visually engaging but also provides a fantastic opportunity for color recognition and learning. Children can sort, stack, and identify different hues, turning playtime into a fun and educational experience. These blocks are perfectly sized for small hands, making them easy to grasp, manipulate, and stack, promoting fine motor skill development.  </li>

<li><strong>Tonka Tough Hard Hat:</strong> Every construction worker needs a trusty hard hat, and this playset delivers! The included Tonka hard hat isn&#8217;t just a fun accessory; it&#8217;s a key element that enhances the role-playing experience. Children can slip on the hat and instantly transform into a construction foreman, ready to oversee their building projects. This encourages imaginative play and allows children to explore different roles and scenarios. The hat is designed with comfort and safety in mind, ensuring a secure and comfortable fit for hours of imaginative play.  </li>

<li><strong>Versatile Storage Bucket/Building Base:</strong> Organization and portability are essential for any play experience, and the Tonka Tough Builders Playset has you covered. The included storage bucket serves a dual purpose: it&#8217;s a convenient container for storing all the blocks when playtime is over, and it also doubles as a stable building base. Simply flip the bucket over, and you have a solid foundation for creating even more elaborate structures. This clever design not only keeps everything neatly contained but also expands the building possibilities. This also helps with easy clean up and storage.  </li>

<li><strong>On-the-Go Fun:</strong> Whether you&#8217;re at home, visiting grandparents, or heading to the park, the Tonka Tough Builders Playset is ready to go. The convenient storage bucket features a sturdy handle, making it easy for children to carry their building blocks wherever they go. This portability ensures that the fun never has to stop, allowing children to engage in creative play anytime, anywhere. This also makes the playset great for travel.  </li></ul><p>By combining these features, the Tonka Tough Builders Playset offers a comprehensive play experience that encourages creativity, develops essential skills, and provides hours of entertainment.<sup></sup> It’s more than just a set of blocks; it’s a tool for building imaginations. &nbsp;</p><h2 class="wp-block-heading">75+ Years of Tough Play</h2><p>For over 75 years, Tonka has been synonymous with durability, quality, and imaginative play. From its iconic steel trucks to its innovative playsets, Tonka has consistently delivered toys that stand the test of time.<sup></sup> The Tonka Tough Builders Playset is a testament to this legacy, embodying the same commitment to quality and durability that has made Tonka a beloved brand for generations. &nbsp;</p><p>Tonka&#8217;s history is rooted in creating toys that inspire active, hands-on play.<sup></sup> In a world increasingly dominated by screens, Tonka encourages children to put down their devices and engage in real-world experiences.<sup></sup> This focus on active play not only promotes physical activity but also fosters creativity, problem-solving skills, and social interaction. &nbsp;</p><p>The Tonka Tough Builders Playset is designed to be passed down through generations, creating lasting memories and connecting families through shared play experiences.<sup></sup> Just like the classic Tonka trucks that have been cherished for decades, this playset is built to withstand years of enthusiastic play. It&#8217;s a toy that can be enjoyed today and treasured for years to come. &nbsp;</p><h2 class="wp-block-heading">Loved by Kids and Parents</h2><p>Parents appreciate the Tonka Tough Builders Playset for its ability to engage their children in constructive and imaginative play. The all-in-one design, with the storage bucket and building base, makes cleanup and organization a breeze.<sup></sup> Parents also value the durability of the set, knowing that it can withstand the rigors of childhood play.<sup></sup> &nbsp;</p><p>Children are drawn to the vibrant colors, the fun hard hat, and the endless building possibilities.<sup></sup> They love creating their own structures, pretending to be construction workers, and carrying their building blocks around in the convenient bucket.<sup></sup> The playset sparks their imagination and encourages them to explore their creativity in a fun and engaging way.<sup></sup> &nbsp;</p><p>The Tonka Tough Builders Playset is more than just a toy; it&#8217;s an investment in your child&#8217;s development and a gateway to a world of imaginative play.</p><h2 class="wp-block-heading">Specifications</h2><ul class="wp-block-list"><li><strong>Number of Pieces:</strong> 27 (25 blocks + 1 hat + 1 bucket)</li>

<li><strong>Recommended Age Range:</strong> 18 months+</li>

<li><strong>Materials:</strong> Durable, high-quality plastic</li>

<li><strong>Care Instructions:</strong> Wipe clean with a damp cloth</li></ul><div class="wp-block-stackable-button-group stk-block-button-group stk-block stk-4f0e688" data-block-id="4f0e688"><style>.stk-4f0e688 .stk-button-group{flex-direction:row !important;}@media screen and (max-width: 1023px){.stk-4f0e688 .stk-button-group{flex-direction:row !important;}}@media screen and (max-width: 767px){.stk-4f0e688 .stk-button-group{flex-direction:row !important;}}</style><div class="stk-row stk-inner-blocks stk-block-content stk-button-group"><div class="wp-block-stackable-button stk-block-button stk-block stk-9zpuwij" data-block-id="9zpuwij"><a class="stk-link stk-button stk--hover-effect-darken" href="https://www.amazon.com/Tonka-Tough-Builders-Frustration-Packaging/dp/B0BJW9Q5S6/" target="_blank" rel="noreferrer noopener"><span class="stk-button__inner-text">Check price</span></a></div></div></div>]]></content:encoded>
					
					<wfw:commentRss>/959/feed</wfw:commentRss>
			<slash:comments>0</slash:comments>
		
		
			</item>
		<item>
		<title>Tonka Interactive Talking Truck Toy (06269)</title>
		<link>/957</link>
					<comments>/957#respond</comments>
		
		<dc:creator><![CDATA[admin]]></dc:creator>
		<pubDate>Sun, 22 Dec 2024 13:16:46 +0000</pubDate>
				<category><![CDATA[Non-Classics]]></category>
		<guid isPermaLink="false">/?p=957</guid>

					<description><![CDATA[Get ready for an adventure with Tonka Chuck, the Interactive Talking Truck! More than just a toy, Chuck is a lively companion ready to spark imaginations and fuel hours of exciting, screen-free play. With over 20 unique sounds and phrases, plus interactive touch sensors, Chuck brings the classic Tonka toughness into the 21st century, creating [&#8230;]]]></description>
										<content:encoded><![CDATA[<div class="wp-block-stackable-columns stk-block-columns stk-block stk-4ac6cfb" data-block-id="4ac6cfb"><div class="stk-row stk-inner-blocks stk-block-content stk-content-align stk-4ac6cfb-column"><div class="wp-block-stackable-column stk-block-column stk-column stk-block stk-bf34b6b" data-v="4" data-block-id="bf34b6b"><div class="stk-column-wrapper stk-block-column__content stk-container stk-bf34b6b-container stk--no-background stk--no-padding"><div class="stk-block-content stk-inner-blocks stk-bf34b6b-inner-blocks"><p>Get ready for an adventure with Tonka Chuck, the Interactive Talking Truck! More than just a toy, Chuck is a lively companion ready to spark imaginations and fuel hours of exciting, screen-free play. With over 20 unique sounds and phrases, plus interactive touch sensors, Chuck brings the classic Tonka toughness into the 21st century, creating a playtime experience that’s both engaging and enduring.</p>

<p><strong>Key Takeaways:</strong></p>

<ul class="wp-block-list"><li><strong>Interactive Fun:</strong> Over 20 sounds and phrases, plus touch sensors, create engaging and imaginative play.</li>

<li><strong>Durable Tonka Quality:</strong> Built tough for years of play, indoors and out.</li>

<li><strong>Screen-Free Play:</strong> Encourages active, open-ended play, fostering imagination and creativity.</li>

<li><strong>Generational Appeal:</strong> Part of the trusted Tonka legacy, connecting families for over 75 years.</li></ul>

<div class="wp-block-stackable-button-group stk-block-button-group stk-block stk-83ec248" data-block-id="83ec248"><style>.stk-83ec248 .stk-button-group{flex-direction:row !important;}@media screen and (max-width: 1023px){.stk-83ec248 .stk-button-group{flex-direction:row !important;}}@media screen and (max-width: 767px){.stk-83ec248 .stk-button-group{flex-direction:row !important;}}</style><div class="stk-row stk-inner-blocks stk-block-content stk-button-group"><div class="wp-block-stackable-button stk-block-button stk-block stk-avqlt0s" data-block-id="avqlt0s"><a class="stk-link stk-button stk--hover-effect-darken" href="https://www.amazon.com/Tonka-Frustration-Packaging-Construction-Preschooler/dp/B0BSG8F6RX/" target="_blank" rel="noreferrer noopener"><span class="stk-button__inner-text">Check price</span></a></div></div></div></div></div></div>

<div class="wp-block-stackable-column stk-block-column stk-column stk-block stk-2d36f70" data-v="4" data-block-id="2d36f70"><div class="stk-column-wrapper stk-block-column__content stk-container stk-2d36f70-container stk--no-background stk--no-padding"><div class="stk-block-content stk-inner-blocks stk-2d36f70-inner-blocks"><div class="wp-block-stackable-image stk-block-image stk-block stk-3aist4u" data-block-id="3aist4u"><figure><a class="stk-link" href="https://www.amazon.com/Tonka-Frustration-Packaging-Construction-Preschooler/dp/B0BSG8F6RX/" target="_blank" rel="noreferrer noopener"><span class="stk-img-wrapper stk-image--shape-stretch"><img decoding="async" class="stk-img wp-image-898" src="/wp-content/uploads/2024/12/Tonka-06269-Interactive-Talking-Truck-Toy.jpg" width="300" height="300" alt="Tonka 06269 Interactive Talking Truck Toy" srcset="/wp-content/uploads/2024/12/Tonka-06269-Interactive-Talking-Truck-Toy.jpg 300w, /wp-content/uploads/2024/12/Tonka-06269-Interactive-Talking-Truck-Toy-150x150.jpg 150w, /wp-content/uploads/2024/12/Tonka-06269-Interactive-Talking-Truck-Toy-100x100.jpg 100w" sizes="(max-width: 300px) 100vw, 300px" /></span></a></figure></div></div></div></div></div></div><h2 class="wp-block-heading">Hear Chuck Roar and Chat!</h2><p>Chuck isn’t your average truck – he’s got a personality all his own! Packed with over 20 different sounds and phrases, Chuck’s ready to rev his engine, honk his horn, and chat with your little one, bringing their playtime to life with endless fun and laughter. Imagine the excitement as Chuck responds to their touch with a playful phrase or a realistic truck sound. This interactive element adds a whole new dimension to classic truck play, transforming ordinary playtime into an immersive experience.</p><p>But the fun doesn’t stop there! Chuck is equipped with four strategically placed touch sensors – on his hat, hood, bumper, and gas tank.<sup></sup> Each sensor triggers a unique response, creating a dynamic and unpredictable play experience. A gentle tap on his hat might elicit a funny phrase, while a touch to his bumper could trigger a realistic crashing sound. This interactive design encourages exploration and discovery, as children learn how different touches lead to different reactions. The sensors aren’t just about sounds; they also trigger independent motion when tapping his head, adding a surprise element to playtime.<sup></sup> This combination of sounds, phrases, and movement creates a truly engaging experience that will captivate children for hours. &nbsp;</p><h2 class="wp-block-heading">Built Tonka Tough for Generations</h2><p>For over 75 years, the name Tonka has been synonymous with durability and quality. Tonka trucks are built to withstand the rigors of childhood play, both indoors and out.<sup></sup> Chuck, the Interactive Talking Truck, is no exception. Constructed with the same legendary Tonka toughness, Chuck is ready for any adventure your child can dream up, from hauling imaginary loads across the living room to conquering sand dunes in the backyard. &nbsp;</p><p>The robust construction ensures that Chuck can handle even the most enthusiastic play. Made from high-quality materials, Chuck is designed to withstand bumps, crashes, and everything in between.<sup></sup> This durability isn’t just about longevity; it’s about providing parents with peace of mind knowing that their child’s toy is built to last. It’s about creating a toy that can be passed down through generations, becoming a treasured heirloom that connects families through shared play experiences. &nbsp;</p><h2 class="wp-block-heading">There’s Only 1 Tonka</h2><p>The Tonka legacy is built on a commitment to quality and real play. In a world increasingly dominated by screens, Tonka stands as a reminder of the power of imaginative, hands-on play. Chuck embodies this philosophy, encouraging children to put down their devices and engage in active, open-ended play.<sup></sup> It’s about fostering creativity, problem-solving, and social skills through real-world interactions. &nbsp;</p><h2 class="wp-block-heading">Spark Imagination and Active Play</h2><p>Chuck isn’t just a toy; he’s a catalyst for imagination and active play.<sup></sup> His interactive features encourage children to create their own stories and scenarios, transforming their play space into a world of endless possibilities. Whether he’s hauling imaginary cargo, embarking on a rescue mission, or simply chatting with his driver, Chuck inspires children to engage in creative role-playing. &nbsp;</p><p>This type of imaginative play is crucial for children’s development. It helps them develop their language skills, social skills, and problem-solving abilities. By creating their own narratives, children learn to express themselves, negotiate with others, and think critically. Chuck provides the perfect platform for this type of enriching play, encouraging children to explore their creativity and expand their imaginations.</p><p>Beyond imaginative play, Chuck also promotes active play.<sup></sup> His sturdy design encourages children to move around, whether they’re pushing him across the floor, loading him with toys, or taking him on outdoor adventures.<sup></sup> This active engagement is essential for children’s physical health and development, helping them develop their gross motor skills, coordination, and overall fitness. &nbsp;</p><p>Chuck offers a welcome break from passive screen time. In a world where children are increasingly spending their time in front of screens, Chuck provides a fun and engaging alternative. He encourages children to unplug, get active, and engage in real-world play, fostering healthy habits and promoting overall well-being.<sup></sup> &nbsp;</p><h2 class="wp-block-heading">Over 75 Years of Trusted Play</h2><p>For over 75 years, Tonka has been a trusted name in toys, connecting generations of families through shared play experiences.<sup></sup> From the iconic steel dump trucks of the past to the innovative interactive toys of today, Tonka has remained committed to creating durable, high-quality toys that inspire imaginative play. &nbsp;</p><p>This rich history is a testament to Tonka’s enduring appeal. Tonka toys aren’t just toys; they’re part of a shared cultural heritage. They’re the toys that grandparents remember playing with as children, the toys that parents now share with their own kids, and the toys that will continue to inspire future generations.</p><p>Chuck, the Interactive Talking Truck, is a proud part of this legacy. He embodies the same values of quality, durability, and imaginative play that have made Tonka a beloved brand for over seven decades. He’s a modern take on a classic toy, blending traditional Tonka toughness with innovative interactive features to create a truly unique play experience.<sup></sup> &nbsp;</p><p>Ready to bring playtime to life? Find a retailer near you or buy now and let the adventures begin with Tonka Chuck, the Interactive Talking Truck!</p><div class="wp-block-stackable-button-group stk-block-button-group stk-block stk-ddbedd7" data-block-id="ddbedd7"><style>.stk-ddbedd7 .stk-button-group{flex-direction:row !important;}@media screen and (max-width: 1023px){.stk-ddbedd7 .stk-button-group{flex-direction:row !important;}}@media screen and (max-width: 767px){.stk-ddbedd7 .stk-button-group{flex-direction:row !important;}}</style><div class="stk-row stk-inner-blocks stk-block-content stk-button-group"><div class="wp-block-stackable-button stk-block-button stk-block stk-ofcwm03" data-block-id="ofcwm03"><a class="stk-link stk-button stk--hover-effect-darken" href="https://www.amazon.com/Tonka-Frustration-Packaging-Construction-Preschooler/dp/B0BSG8F6RX/" target="_blank" rel="noreferrer noopener"><span class="stk-button__inner-text">Check price</span></a></div></div></div>]]></content:encoded>
					
					<wfw:commentRss>/957/feed</wfw:commentRss>
			<slash:comments>0</slash:comments>
		
		
			</item>
	</channel>
</rss>
